GENE_ID	TRANSCRIPT_ID	METS_IN_5_UTR	PROTEIN_ID	VARIATION_NAME	MAF	CODON_CHANGE	CDS_COORDS	AMINOACID_CHANGE	MET_POSITION	PREMATURE_STOP_CODON	NO_STOP_CODON	STOP_CODON_POSITION	MUTATED_SEQUENCE_LENGTH	READING_FRAME_STATUS	CLASS
ENSMUSG00000031323	ENSMUST00000121197	-83_lost_premature-termination -45_maintained_premature-termination -27_maintained_premature-termination	ENSMUSP00000113569	rs263192705	0.055555556	aTg/aCg	[2, 2]	M/T	28	YES	NO	127	18.5792349726776%	Lost	BENIGN
ENSMUSG00000035387	ENSMUST00000088146		ENSMUSP00000085471	rs231120443	0.055555556	aTg/aGg	[2, 2]	M/R	72	NO	NO	2439	97.0515970515971%	Maintained	BENIGN
ENSMUSG00000057836	ENSMUST00000114524		ENSMUSP00000110170	rs585050962	0.055555556	atG/atC	[3, 3]	M/I	73	YES	NO	262	28.1938325991189%	Lost	BENIGN
ENSMUSG00000073006	ENSMUST00000101290	-59_lost_no-premature-termination	ENSMUSP00000098848	rs219185502	0.055555556	atG/atA	[3, 3]	M/I	119	YES	NO	125	0.58027079303675%	Lost	BENIGN
ENSMUSG00000057836	ENSMUST00000074619	-144_maintained_premature-termination -80_lost_premature-termination	ENSMUSP00000074199	rs585050962	0.055555556	atG/atC	[3, 3]	M/I	73	YES	NO	247	26.5765765765766%	Lost	BENIGN
ENSMUSG00000031323	ENSMUST00000120808		ENSMUSP00000112572	rs263192705	0.055555556	aTg/aCg	[2, 2]	M/T	28	YES	NO	127	21.656050955414%	Lost	BENIGN
ENSMUSG00000057836	ENSMUST00000074619	-144_maintained_premature-termination -80_lost_premature-termination	ENSMUSP00000074199	rs578978361	0.055555556	Atg/Gtg	[1, 1]	M/V	73	YES	NO	247	26.5765765765766%	Lost	BENIGN
ENSMUSG00000049775	ENSMUST00000112176		ENSMUSP00000107798	rs581775303	0.055555556	atG/atT	[3, 3]	M/I	36	NO	NO	150	76.4705882352941%	Maintained	BENIGN
ENSMUSG00000045010	ENSMUST00000056225		ENSMUSP00000148054	rs586088321	0.055555556	Gcc/Tcc	[1, 1]	A/S	149	YES	NO	233	12.9464285714286%	Lost	BENIGN
ENSMUSG00000057836	ENSMUST00000114524		ENSMUSP00000110170	rs578978361	0.055555556	Atg/Gtg	[1, 1]	M/V	73	YES	NO	262	28.1938325991189%	Lost	BENIGN
